Country Label,Pollutant,Last Updated,Value
Afghanistan,PM2.5,2021,-863.0
Algeria,PM2.5,2025,21.0
Andorra,CO,2025,500.0
Andorra,NO,2024,16.9
Andorra,NO2,2025,38.3
Andorra,O3,2025,80.0
Andorra,PM10,2025,6.7
Andorra,PM2.5,2025,2.7
Andorra,SO2,2025,1.0
Antigua and Barbuda,PM2.5,2023,10.0
Argentina,CO,2024,4290.0
Argentina,CO,2025,1.07
Argentina,NO,2024,53.0
Argentina,NO2,2024,55.0
Argentina,NO2,2025,0.045
Argentina,NOX,2024,109.0
Argentina,O3,2024,28.0
Argentina,PM1,2024,5.662351191
Argentina,PM10,2024,33.185416738
Argentina,PM10,2025,40.0
Argentina,PM2.5,2017,3.0
Argentina,PM2.5,2022,3.0
Argentina,PM2.5,2023,31.070833378
Argentina,PM2.5,2024,20.326488038
Argentina,RELATIVEHUMIDITY,2024,38.84017849
Argentina,SO2,2024,1.23
Argentina,TEMPERATURE,2023,53.862500280000006
Argentina,TEMPERATURE,2024,24.11428579
Argentina,UM003,2024,681.5208384
Armenia,PM2.5,2023,10.4
Australia,CO,2018,-9998.1
Australia,CO,2019,0.7
Australia,CO,2020,1.83
Australia,CO,2021,0.6
Australia,CO,2022,0.6000000000000001
Australia,CO,2023,0.2
Australia,CO,2024,0.21
Australia,CO,2025,0.71
Australia,NO2,2018,0.078
Australia,NO2,2019,-19997.927
Australia,NO2,2020,0.0
Australia,NO2,2021,0.022
Australia,NO2,2022,0.041
Australia,NO2,2023,0.005
Australia,NO2,2024,0.069
Australia,NO2,2025,0.045
Australia,O3,2019,0.027
Australia,O3,2020,0.064
Australia,O3,2021,-1110.861
Australia,O3,2022,0.589
Australia,O3,2023,0.053000000000000005
Australia,O3,2024,-29996.932
Australia,O3,2025,0.40258
Australia,PM1,2024,13.979910813
Australia,PM1,2025,6.430481493
Australia,PM10,2018,20.6
Australia,PM10,2020,133.1
Australia,PM10,2021,-811.7
Australia,PM10,2022,541.26
Australia,PM10,2023,102.12
Australia,PM10,2024,-30867.736140819
Australia,PM10,2025,-9878.288067732
Australia,PM2.5,2018,10.9
Australia,PM2.5,2020,81.1
Australia,PM2.5,2021,-1005.93
Australia,PM2.5,2022,153.55
Australia,PM2.5,2023,92.369999905
Australia,PM2.5,2024,-31028.925367055
Australia,PM2.5,2025,459.857937526
Australia,RELATIVEHUMIDITY,2024,160.97593356
Australia,RELATIVEHUMIDITY,2025,273.11037636000003
Australia,SO2,2018,-9998.96
Australia,SO2,2019,-29993.708
Australia,SO2,2020,0.0
Australia,SO2,2021,0.002
Australia,SO2,2022,0.015
Australia,SO2,2023,9e-05
Australia,SO2,2024,0.0
Australia,SO2,2025,0.00091
Australia,TEMPERATURE,2023,23.70000076
Australia,TEMPERATURE,2024,94.04638354
Australia,TEMPERATURE,2025,99.01231591999999
Australia,UM003,2024,1716.7827370999998
Australia,UM003,2025,1817.0462621000001
Austria,CO,2016,7644.0
Austria,CO,2017,0.0
Austria,CO,2021,1044.51549
Austria,CO,2024,4316.37455
Austria,CO,2025,9677.772
Austria,NO,2023,99.44541455000001
Austria,NO,2024,482.03673267
Austria,NO2,2016,2906.0
Austria,NO2,2017,68.09278153
Austria,NO2,2020,43.122140869999996
Austria,NO2,2021,22.66400002
Austria,NO2,2023,125.32725475
Austria,NO2,2024,1028.98286161
Austria,NO2,2025,2723.6732608
Austria,O3,2016,2386.0
Austria,O3,2017,308.57099999999997
Austria,O3,2020,41.073
Austria,O3,2021,69.606
Austria,O3,2023,112.465
Austria,O3,2024,2291.084
Austria,O3,2025,2963.192
Austria,PM1,2024,35.102678454
Austria,PM1,2025,17.248511871
Austria,PM10,2016,1385.0
Austria,PM10,2017,71.02318381
Austria,PM10,2020,54.5
Austria,PM10,2021,17.168000210000002
Austria,PM10,2023,80.84071348
Austria,PM10,2024,994.9626962
Austria,PM10,2025,2065.85632305
Austria,PM2.5,2023,56.73544976
Austria,PM2.5,2024,321.283429903
Austria,PM2.5,2025,948.73722544
Austria,RELATIVEHUMIDITY,2024,48.77500025
Austria,RELATIVEHUMIDITY,2025,93.08514944999999
Austria,SO2,2016,93.0
Austria,SO2,2017,11.408856010000001
Austria,SO2,2020,6.0
Austria,SO2,2022,15.92600774
Austria,SO2,2023,5.19623088
Austria,SO2,2024,71.62737991
Austria,SO2,2025,118.159065
Austria,TEMPERATURE,2024,26.9958334
Austria,TEMPERATURE,2025,9.081086297999999
Austria,UM003,2024,381.625
Austria,UM003,2025,3310.254476
Azerbaijan,PM2.5,2025,38.0
Bahrain,O3,2025,-0.999
Bahrain,PM2.5,2025,-999.0
Bangladesh,O3,2025,0.042
Bangladesh,PM2.5,2016,45.5
Bangladesh,PM2.5,2025,120.0
Belgium,CO,2020,0.21
Belgium,CO,2021,130.0
Belgium,CO,2022,120.0
Belgium,CO,2023,1880.0
Belgium,CO,2024,1045.0
Belgium,CO,2025,2660.0
Belgium,NO2,2017,140.0
Belgium,NO2,2018,71.5
Belgium,NO2,2019,3.5
Belgium,NO2,2020,25.5
Belgium,NO2,2021,103.0
Belgium,NO2,2023,19.0
Belgium,NO2,2024,457.0
Belgium,NO2,2025,1578.0
Belgium,O3,2017,5.5
Belgium,O3,2020,19.5
Belgium,O3,2021,34.5
Belgium,O3,2022,71.5
Belgium,O3,2023,67.0
Belgium,O3,2024,216.5
Belgium,O3,2025,1960.0
Belgium,PM1,2025,47.76636855
Belgium,PM10,2017,108.60000000000001
Belgium,PM10,2018,38.4
Belgium,PM10,2019,38.7
Belgium,PM10,2020,4.0
Belgium,PM10,2021,38.271
Belgium,PM10,2024,341.77099999999996
Belgium,PM10,2025,500.24438050000003
Belgium,PM2.5,2017,90.5
Belgium,PM2.5,2018,19.0
Belgium,PM2.5,2019,25.0
Belgium,PM2.5,2021,31.653
Belgium,PM2.5,2024,216.8005
Belgium,PM2.5,2025,331.25951886999997
Belgium,RELATIVEHUMIDITY,2025,59.50245508
Belgium,SO2,2016,1.5
Belgium,SO2,2017,21.0
Belgium,SO2,2018,7.0
Belgium,SO2,2020,14.0
Belgium,SO2,2021,3.5
Belgium,SO2,2022,3.8
Belgium,SO2,2023,0.0
Belgium,SO2,2024,16.15
Belgium,SO2,2025,33.35
Belgium,TEMPERATURE,2025,3.089910746
Belgium,UM003,2025,8350.715658
Belize,PM2.5,2024,13.0
Bermuda,O3,2021,0.012
Bermuda,PM2.5,2023,17.0
Bosnia and Herzegovina,CO,2016,2341.0
Bosnia and Herzegovina,CO,2018,3121.0
Bosnia and Herzegovina,CO,2022,4106.0
Bosnia and Herzegovina,CO,2024,414.95
Bosnia and Herzegovina,CO,2025,8016.02
Bosnia and Herzegovina,NO2,2016,5.0
Bosnia and Herzegovina,NO2,2017,22.0
Bosnia and Herzegovina,NO2,2018,243.0
Bosnia and Herzegovina,NO2,2022,84.8
Bosnia and Herzegovina,NO2,2024,45.6387
Bosnia and Herzegovina,NO2,2025,381.6067
Bosnia and Herzegovina,O3,2016,110.0
Bosnia and Herzegovina,O3,2017,19.0
Bosnia and Herzegovina,O3,2018,223.0
Bosnia and Herzegovina,O3,2022,152.7
Bosnia and Herzegovina,O3,2024,172.56012700000002
Bosnia and Herzegovina,O3,2025,453.55546
Bosnia and Herzegovina,PM10,2018,736.0
Bosnia and Herzegovina,PM10,2024,53.455
Bosnia and Herzegovina,PM10,2025,573.8063500000001
Bosnia and Herzegovina,PM2.5,2021,87.0
Bosnia and Herzegovina,PM2.5,2022,69.3
Bosnia and Herzegovina,PM2.5,2024,50.079
Bosnia and Herzegovina,PM2.5,2025,278.725
Bosnia and Herzegovina,SO2,2018,305.0
Bosnia and Herzegovina,SO2,2022,335.6
Bosnia and Herzegovina,SO2,2024,91.44449
Bosnia and Herzegovina,SO2,2025,826.155948
Brazil,CO,2017,2.3
Brazil,CO,2022,0.8
Brazil,CO,2023,5.2
Brazil,CO,2025,0.75
Brazil,NO,2024,9.45
Brazil,NO,2025,29.86
Brazil,NO2,2017,420.0
Brazil,NO2,2022,168.0
Brazil,NO2,2023,912.0
Brazil,NO2,2024,62.38
Brazil,NO2,2025,83.97
Brazil,NOX,2024,71.83
Brazil,NOX,2025,113.8
Brazil,O3,2017,224.0
Brazil,O3,2022,411.0
Brazil,O3,2023,3168.0
Brazil,O3,2024,13.37
Brazil,O3,2025,37.83
Brazil,PM10,2017,260.0
Brazil,PM10,2022,0.0
Brazil,PM10,2023,1644.0
Brazil,PM10,2024,83.5
Brazil,PM10,2025,105.84
Brazil,PM2.5,2017,28.0
Brazil,PM2.5,2022,66.0
Brazil,PM2.5,2023,404.0
Brazil,PM2.5,2025,15.7
Brazil,SO2,2017,3.0
Brazil,SO2,2022,52.0
Brazil,SO2,2023,39.0
Brazil,SO2,2024,26.96
Brazil,SO2,2025,1.51
Bulgaria,CO,2025,11682.819
Bulgaria,NO,2023,5.25
Bulgaria,NO,2024,129.16
Bulgaria,NO2,2025,506.6172785
Bulgaria,O3,2025,639.05
Bulgaria,PM10,2024,-3.0
Bulgaria,PM10,2025,623.9722937
Bulgaria,PM2.5,2024,-1.0
Bulgaria,PM2.5,2025,43.14
Bulgaria,SO2,2025,303.37
Burkina Faso,PM2.5,2025,65.2
Canada,CO,2019,0.4
Canada,CO,2021,0.0
Canada,CO,2022,1.3900000000000001
Canada,CO,2023,1.4
Canada,CO,2024,1.1
Canada,CO,2025,6.6
Canada,NO,2023,0.004
Canada,NO,2024,-0.0079
Canada,NO,2025,0.48729999999999996
Canada,NO2,2016,0.005
Canada,NO2,2017,0.001
Canada,NO2,2019,0.006
Canada,NO2,2021,0.027
Canada,NO2,2022,0.023
Canada,NO2,2023,0.079
Canada,NO2,2024,0.0178
Canada,NO2,2025,1.3329
Canada,NOX,2023,0.018000000000000002
Canada,NOX,2025,0.548
Canada,O3,2016,0.208
Canada,O3,2017,0.137
Canada,O3,2018,0.14500000000000002
Canada,O3,2020,0.052
Canada,O3,2021,0.14400000000000002
Canada,O3,2022,0.07100000000000001
Canada,O3,2023,0.892
Canada,O3,2024,0.354
Canada,O3,2025,4.951
Canada,PM1,2024,29.473065517000002
Canada,PM1,2025,33.690178584
Canada,PM10,2016,7.0
Canada,PM10,2017,8.0
Canada,PM10,2018,4.0
Canada,PM10,2019,0.0
Canada,PM10,2020,14.0
Canada,PM10,2021,58.0
Canada,PM10,2022,0.0
Canada,PM10,2023,5.0
Canada,PM10,2024,153.988474093
Canada,PM10,2025,341.202529764
Canada,PM2.5,2016,3.5
Canada,PM2.5,2017,3.0
Canada,PM2.5,2018,19.0
Canada,PM2.5,2019,15.5
Canada,PM2.5,2020,10.6
Canada,PM2.5,2021,20.6
Canada,PM2.5,2022,45.9
Canada,PM2.5,2023,654.107575569
Canada,PM2.5,2024,136.164560694
Canada,PM2.5,2025,1480.39713415
Canada,RELATIVEHUMIDITY,2024,183.71348288000002
Canada,RELATIVEHUMIDITY,2025,397.06982134
Canada,SO2,2019,0.0
Canada,SO2,2021,0.005
Canada,SO2,2022,0.0004
Canada,SO2,2023,0.005
Canada,SO2,2024,0.0018
Canada,SO2,2025,0.0154
Canada,TEMPERATURE,2023,87.66363573
Canada,TEMPERATURE,2024,91.677257458
Canada,TEMPERATURE,2025,25.134357226
Canada,UM003,2024,2159.7681957
Canada,UM003,2025,6478.934531
Central African Republic,PM2.5,2022,8.0
Central African Republic,PM2.5,2023,18.0
Chad,PM2.5,2024,-999.0
Chile,CO,2016,2354.9
Chile,CO,2017,24012.0
Chile,CO,2018,995.74
Chile,CO,2021,32011.98
Chile,NO2,2016,76.92999999999999
Chile,NO2,2017,71.93
Chile,NO2,2018,117.53
Chile,NO2,2019,134.8
Chile,NO2,2020,16.32
Chile,NO2,2021,1182.16
Chile,O3,2016,1006.87
Chile,O3,2017,482.31
Chile,O3,2018,125.36000000000001
Chile,O3,2021,1347.01
Chile,PM10,2016,476.91999999999996
Chile,PM10,2017,1374.79
Chile,PM10,2018,72.52
Chile,PM10,2019,40.24
Chile,PM10,2020,10.23
Chile,PM10,2021,368.0
Chile,PM10,2023,261.0
Chile,PM10,2024,294.0
Chile,PM10,2025,4111.0
Chile,PM2.5,2016,121.714
Chile,PM2.5,2017,110.25
Chile,PM2.5,2018,53.36
Chile,PM2.5,2019,15.93
Chile,PM2.5,2020,3.91
Chile,PM2.5,2021,114.0
Chile,PM2.5,2023,151.627976179
Chile,PM2.5,2024,273.647321403
Chile,PM2.5,2025,1774.0
Chile,SO2,2016,7.475099999999999
Chile,SO2,2017,106.66999999999999
Chile,SO2,2018,23.58
Chile,SO2,2019,0.0
Chile,SO2,2021,0.0
Chile,SO2,2022,6.9
Chile,SO2,2023,21.97
Chile,SO2,2024,24.27
Chile,SO2,2025,2085.59
Chile,TEMPERATURE,2023,24.75172631
Chile,TEMPERATURE,2024,23.39520836
China,CO,2018,8168.0
China,CO,2019,22600.0
China,CO,2020,137600.0
China,CO,2021,1025400.0
China,NO2,2018,346.0
China,NO2,2019,666.0
China,NO2,2020,6086.0
China,NO2,2021,26240.0
China,O3,2018,531.0
China,O3,2019,1862.0
China,O3,2020,12276.0
China,O3,2021,229806.0
China,O3,2023,0.051
China,O3,2025,0.077
China,PM10,2018,835.0
China,PM10,2019,1839.0
China,PM10,2020,12317.0
China,PM10,2021,59621.0
China,PM2.5,2018,500.0
China,PM2.5,2019,1105.0
China,PM2.5,2020,7679.0
China,PM2.5,2021,32531.0
China,PM2.5,2022,6.8
China,PM2.5,2023,-19892.4
China,PM2.5,2025,181.0
China,SO2,2018,166.0
China,SO2,2019,430.0
China,SO2,2020,2692.0
China,SO2,2021,10172.0
China,SO2,2023,0.0014
Colombia,CO,2019,-9999.0
Colombia,CO,2021,-19997.62853
Colombia,CO,2022,12.816554
Colombia,CO,2024,1.8087
Colombia,NO2,2019,0.0131302
Colombia,NO2,2021,-19997.98772394
Colombia,NO2,2022,0.249920829
Colombia,NO2,2023,0.0272133
Colombia,NO2,2024,0.0410594
Colombia,O3,2019,0.0115
Colombia,O3,2021,-19997.994028535
Colombia,O3,2022,0.109148442
Colombia,O3,2024,0.1998625
Colombia,PM10,2019,65.0
Colombia,PM10,2021,-29959.58338
Colombia,PM10,2022,1625.76485
Colombia,PM10,2023,41.0
Colombia,PM10,2024,280.0
Colombia,PM2.5,2016,10.6
Colombia,PM2.5,2019,62.30121
Colombia,PM2.5,2020,-9999.0
Colombia,PM2.5,2021,-19988.756025
Colombia,PM2.5,2022,1364.5721939999999
Colombia,PM2.5,2023,15.0
Colombia,PM2.5,2024,278.738842
Colombia,PM2.5,2025,-999.0
Colombia,SO2,2019,-9999.0
Colombia,SO2,2021,0.04383189
Colombia,SO2,2022,0.035993092
"Congo, Democratic Republic of the",PM2.5,2025,44.0
Costa Rica,PM2.5,2025,-999.0
Croatia,CO,2021,500.0
Croatia,CO,2022,200.0
Croatia,CO,2024,497.4
Croatia,CO,2025,2578.7
Croatia,NO,2024,0.0
Croatia,NO,2025,-968.8
Croatia,NO2,2024,85.1
Croatia,NO2,2025,-831.1
Croatia,O3,2025,-13.0
Croatia,PM1,2024,3.5
Croatia,PM1,2025,-965.1
Croatia,PM10,2017,40.1
Croatia,PM10,2024,8.7
Croatia,PM10,2025,-814.5
Croatia,PM2.5,2022,12.1
Croatia,PM2.5,2024,5.1
Croatia,PM2.5,2025,-889.2
Croatia,SO2,2021,-2.1
Croatia,SO2,2024,2.8
Croatia,SO2,2025,-978.3
Cyprus,CO,2023,34330.65
Cyprus,CO,2025,3659.9548999999997
Cyprus,NO,2025,42.3228291
Cyprus,NO2,2025,164.43837200000002
Cyprus,NOX,2025,185.05533400000002
Cyprus,O3,2025,709.63148
Cyprus,PM10,2025,219.64607999999998
Cyprus,PM2.5,2025,143.51184
Cyprus,SO2,2025,30.3780482
Czech Republic,CO,2017,1065.0
Czech Republic,CO,2018,135.0
Czech Republic,CO,2023,117.655
Czech Republic,CO,2025,5074.62
Czech Republic,NO,2023,3.7
Czech Republic,NO,2024,210.616
Czech Republic,NO2,2016,44.5
Czech Republic,NO2,2017,7.1
Czech Republic,NO2,2018,47.800000000000004
Czech Republic,NO2,2019,23.3
Czech Republic,NO2,2021,23.9
Czech Republic,NO2,2023,33.5
Czech Republic,NO2,2024,3.5
Czech Republic,NO2,2025,1004.079
Czech Republic,O3,2018,430.4
Czech Republic,O3,2020,9.0
Czech Republic,O3,2021,24.1
Czech Republic,O3,2023,72.6
Czech Republic,O3,2024,298.445
Czech Republic,O3,2025,1904.6
Czech Republic,PM1,2024,635.2110239599999
Czech Republic,PM1,2025,26.64285707
Czech Republic,PM10,2016,98.0
Czech Republic,PM10,2017,44.0
Czech Republic,PM10,2018,75.0
Czech Republic,PM10,2020,5.0
Czech Republic,PM10,2021,244.0
Czech Republic,PM10,2023,46.7
Czech Republic,PM10,2024,697.47827327
Czech Republic,PM10,2025,1208.4182794
Czech Republic,PM2.5,2017,37.0
Czech Republic,PM2.5,2018,49.0
Czech Republic,PM2.5,2021,50.0
Czech Republic,PM2.5,2023,26.54166651
Czech Republic,PM2.5,2024,584.9500122
Czech Republic,PM2.5,2025,774.52403579
Czech Republic,RELATIVEHUMIDITY,2024,32.86473195
Czech Republic,RELATIVEHUMIDITY,2025,14.9156247
Czech Republic,SO2,2016,6.7
Czech Republic,SO2,2017,15.399999999999999
Czech Republic,SO2,2018,12.200000000000001
Czech Republic,SO2,2020,4.3
Czech Republic,SO2,2021,8.8
Czech Republic,SO2,2025,161.94
Czech Republic,TEMPERATURE,2023,24.64999978
Czech Republic,TEMPERATURE,2024,24.8379461
Czech Republic,TEMPERATURE,2025,27.31190459
Czech Republic,UM003,2024,723.8363088
Czech Republic,UM003,2025,5570.633952
CÃ´te d'Ivoire,PM2.5,2025,54.5
Denmark,CO,2024,520.0
Denmark,CO,2025,600.0
Denmark,NO,2024,141.92000000000002
Denmark,NO2,2017,3.41
Denmark,NO2,2024,25.46
Denmark,NO2,2025,62.66
Denmark,O3,2017,62.81
Denmark,O3,2024,12.28
Denmark,O3,2025,382.57
Denmark,PM10,2024,18.85
Denmark,PM10,2025,15.7
Denmark,PM2.5,2023,1.627976199
Denmark,SO2,2025,0.24
Denmark,TEMPERATURE,2023,13.69930561
Ecuador,CO,2021,5.9099737999999995
Ecuador,NO2,2021,263.712383719
Ecuador,O3,2021,0.0
Ecuador,PM10,2021,0.0
Ecuador,PM2.5,2021,0.0
Ecuador,SO2,2021,90.915833796
Egypt,PM2.5,2023,35.0
Egypt,PM2.5,2025,53.2
Estonia,CO,2025,2082.32
Estonia,NO2,2025,69.73376999999999
Estonia,O3,2025,380.607
Estonia,PM10,2025,42.376
Estonia,PM2.5,2025,28.046
Estonia,SO2,2025,4.34976
Ethiopia,PM2.5,2021,31.0
Ethiopia,PM2.5,2025,43.0
Finland,NO2,2017,0.7986081
Finland,NO2,2018,41.8
Finland,NO2,2019,48.4
Finland,NO2,2022,34.290621200000004
Finland,NO2,2023,5.3952725
Finland,NO2,2024,24.6874422
Finland,NO2,2025,152.129821
Finland,O3,2017,62.669384
Finland,O3,2018,30.2
Finland,O3,2019,0.0
Finland,O3,2024,168.2566505
Finland,O3,2025,650.9497719
Finland,PM10,2018,14.2
Finland,PM10,2019,6.3841355
Finland,PM10,2020,5.97923
Finland,PM10,2022,15.6605775
Finland,PM10,2023,15.9175816
Finland,PM10,2024,41.861210390000004
Finland,PM10,2025,186.4245932
Finland,PM2.5,2016,3.0
Finland,PM2.5,2018,6.4
Finland,PM2.5,2020,3.196193
Finland,PM2.5,2021,6.5554129
Finland,PM2.5,2024,6.35231117
Finland,PM2.5,2025,125.466206
Finland,SO2,2024,4.4959058
Finland,SO2,2025,14.763364
France,CO,2016,0.0
France,CO,2017,2249.2
France,CO,2018,522.3
France,CO,2019,924.0
France,CO,2020,392.0
France,CO,2021,947.0
France,CO,2022,505.0
France,CO,2023,284.0
France,CO,2024,851.0
France,CO,2025,2859.0
France,NO,2023,85.6
France,NO,2024,7409.5
France,NO2,2016,301.85
France,NO2,2017,512.77
France,NO2,2018,741.04
France,NO2,2019,215.0
France,NO2,2020,263.8
France,NO2,2021,111.3
France,NO2,2022,151.0
France,NO2,2023,617.8
France,NO2,2024,2573.9
France,NO2,2025,3945.0115
France,O3,2016,122.95
France,O3,2017,437.64
France,O3,2018,2713.25
France,O3,2019,592.6
France,O3,2020,274.1
France,O3,2021,393.5
France,O3,2022,149.8
France,O3,2023,360.79999999999995
France,O3,2024,3829.3
France,O3,2025,15705.8688
France,PM1,2024,14.14583341
France,PM1,2025,6.71633327
France,PM10,2016,199.45
France,PM10,2017,213.43
France,PM10,2018,744.68
France,PM10,2019,185.0
France,PM10,2020,218.0
France,PM10,2021,206.2
France,PM10,2022,96.9
France,PM10,2023,210.9
France,PM10,2024,1607.449999977
France,PM10,2025,3374.77704161
France,PM2.5,2016,74.25
France,PM2.5,2017,69.95
France,PM2.5,2018,133.99
France,PM2.5,2019,145.9
France,PM2.5,2020,92.2
France,PM2.5,2021,17.5
France,PM2.5,2022,11.7
France,PM2.5,2023,33.3
France,PM2.5,2024,684.55267862
France,PM2.5,2025,1840.96720832
France,RELATIVEHUMIDITY,2024,63.62270832
France,RELATIVEHUMIDITY,2025,36.55416648
France,SO2,2016,13.95
France,SO2,2017,28.46
France,SO2,2018,35.89
France,SO2,2019,28.9
France,SO2,2020,27.2
France,SO2,2021,2.0999999999999996
France,SO2,2022,12.1
France,SO2,2023,2.7
France,SO2,2024,21.0
France,SO2,2025,226.5
France,TEMPERATURE,2024,17.26949406
France,TEMPERATURE,2025,12.70883306
France,UM003,2024,2569.517863
France,UM003,2025,1270.234385
Gabon,PM2.5,2022,17.0
Germany,CO,2016,450.0
Germany,CO,2017,2990.0
Germany,CO,2018,850.0
Germany,CO,2019,710.0
Germany,CO,2020,570.0
Germany,CO,2021,290.0
Germany,CO,2022,430.0
Germany,CO,2023,1479.87816
Germany,CO,2024,9880.94032
Germany,CO,2025,22140.993
Germany,NO,2023,18.0847227
Germany,NO,2024,5124.25693948
Germany,NO2,2016,84.12593872000001
Germany,NO2,2017,102.99314147999999
Germany,NO2,2018,132.4
Germany,NO2,2019,133.2
Germany,NO2,2020,102.53
Germany,NO2,2021,111.20400000000001
Germany,NO2,2022,7.35
Germany,NO2,2023,35.53542039
Germany,NO2,2024,1395.5610596
Germany,NO2,2025,6933.6457168
Germany,O3,2016,42.638712170000005
Germany,O3,2017,220.37813896
Germany,O3,2018,42.89
Germany,O3,2019,13.0
Germany,O3,2020,148.05
Germany,O3,2021,178.747
Germany,O3,2022,49.1
Germany,O3,2023,59.58913422
Germany,O3,2024,1295.60603274
Germany,O3,2025,11806.038689
Germany,PM1,2024,58.394186499999996
Germany,PM1,2025,43.687750017
Germany,PM10,2016,61.90820007000001
Germany,PM10,2017,31.576448759999998
Germany,PM10,2018,64.87
Germany,PM10,2019,112.92
Germany,PM10,2020,15.45
Germany,PM10,2021,126.852
Germany,PM10,2022,18.13
Germany,PM10,2023,27.12224997
Germany,PM10,2024,1229.45168586
Germany,PM10,2025,2795.777828607
Germany,PM2.5,2016,33.97
Germany,PM2.5,2017,3.684
Germany,PM2.5,2018,35.89
Germany,PM2.5,2019,31.779999999999998
Germany,PM2.5,2020,10.48
Germany,PM2.5,2021,69.53
Germany,PM2.5,2022,15.98
Germany,PM2.5,2023,12.04674985
Germany,PM2.5,2024,833.01805952
Germany,PM2.5,2025,1578.36948418
Germany,RELATIVEHUMIDITY,2025,245.40037379
Germany,SO2,2016,11.0
Germany,SO2,2017,149.29889536000002
Germany,SO2,2018,21.62
Germany,SO2,2019,6.279999999999999
Germany,SO2,2020,3059.75
Germany,SO2,2021,3.88
Germany,SO2,2023,8.27989971
Germany,SO2,2024,22.42996033
Germany,SO2,2025,251.570846
Germany,TEMPERATURE,2024,11.80471746
Germany,TEMPERATURE,2025,8.102000023
Germany,UM003,2025,6212.712463
Ghana,PM1,2024,13.762678588
Ghana,PM1,2025,23.67559544
Ghana,PM10,2024,22.20367066
Ghana,PM10,2025,45.1309522
Ghana,PM2.5,2024,49.609567031000005
Ghana,PM2.5,2025,-960.71726163
Ghana,RELATIVEHUMIDITY,2024,47.39349206
Ghana,RELATIVEHUMIDITY,2025,63.9529314
Ghana,TEMPERATURE,2024,64.29497437
Ghana,TEMPERATURE,2025,27.28846725
Ghana,UM003,2024,1355.174011
Ghana,UM003,2025,5096.602702
Gibraltar,CO,2018,470.0
Gibraltar,NO2,2018,50.5
Gibraltar,NO2,2024,16.0
Gibraltar,PM10,2024,10.5
Gibraltar,PM2.5,2024,5.5
Gibraltar,SO2,2024,0.7
Greece,CO,2022,100.0
Greece,CO,2024,10000.0
Greece,CO,2025,14300.0
Greece,NO,2024,412.0
Greece,NO2,2021,5.0
Greece,NO2,2024,357.0
Greece,NO2,2025,996.0
Greece,O3,2022,9.0
Greece,O3,2024,334.0
Greece,O3,2025,325.0
Greece,PM10,2024,312.0
Greece,PM10,2025,819.0
Greece,PM2.5,2024,106.0
Greece,PM2.5,2025,255.0
Greece,SO2,2022,19.0
Greece,SO2,2024,273.0
Greece,SO2,2025,96.0
Guatemala,O3,2024,0.034
Guatemala,O3,2025,0.062
Guatemala,PM10,2024,37.0
Guatemala,PM2.5,2024,8.0
Guatemala,PM2.5,2025,8.0
Guinea,PM2.5,2025,-999.0
"Hong Kong, China",CO,2025,4438.5
"Hong Kong, China",NO2,2025,568.0
"Hong Kong, China",O3,2025,1172.7
"Hong Kong, China",PM10,2025,314.9
"Hong Kong, China",PM2.5,2025,177.2
"Hong Kong, China",SO2,2025,37.6
Hungary,CO,2020,1383.4212750000002
Hungary,CO,2021,9529.233175
Hungary,CO,2023,6767.4294167
Hungary,CO,2024,18749.0
Hungary,CO,2025,14374.0
Hungary,NO2,2023,379.5
Hungary,NO2,2024,202.1
Hungary,NO2,2025,879.206242
Hungary,O3,2023,627.3
Hungary,O3,2024,445.9
Hungary,O3,2025,1077.9858364
Hungary,PM10,2021,8.3829173
Hungary,PM10,2023,269.0
Hungary,PM10,2024,192.0
Hungary,PM10,2025,1600.8163137
Hungary,PM2.5,2023,147.0
Hungary,PM2.5,2024,27.0
Hungary,PM2.5,2025,805.0985631
Hungary,SO2,2023,152.7
Hungary,SO2,2024,212.2
Hungary,SO2,2025,224.187383
Iceland,CO,2025,122.337
Iceland,NO,2024,14.839848
Iceland,NO,2025,23.584592
Iceland,NO2,2022,3.39623
Iceland,NO2,2024,9.64152
Iceland,NO2,2025,119.52794
Iceland,O3,2025,19.9043
Iceland,PM1,2024,1.1
Iceland,PM1,2025,0.17166299999999995
Iceland,PM10,2022,5.05
Iceland,PM10,2024,7.4
Iceland,PM10,2025,40.3921
Iceland,PM2.5,2022,1.55
Iceland,PM2.5,2024,0.900001
Iceland,PM2.5,2025,16.900712
Iceland,SO2,2022,0.299999
Iceland,SO2,2023,22.515
Iceland,SO2,2024,-1.0
Iceland,SO2,2025,16.3633706
India,CO,2016,1300.0
India,CO,2017,9070.0
India,CO,2018,136469.8
India,CO,2019,1770.0
India,CO,2020,11190.0
India,CO,2021,7670.0
India,CO,2022,415551.42
India,NO2,2017,93.86
India,NO2,2018,2853.64
India,NO2,2019,27.72
India,NO2,2020,318.92
India,NO2,2021,24.2
India,NO2,2022,11680.95
India,O3,2016,5.63
India,O3,2017,595.95
India,O3,2018,2439.7
India,O3,2019,83.85
India,O3,2020,333.47
India,O3,2021,748.5899999999999
India,O3,2022,6580.49087
India,PM1,2025,136.5435397
India,PM10,2016,132.94
India,PM10,2017,475.49
India,PM10,2018,9442.71
India,PM10,2019,79.87
India,PM10,2020,936.79
India,PM10,2021,316.84
India,PM10,2022,58670.17
India,PM10,2025,277.7225011
India,PM2.5,2016,704.8
India,PM2.5,2017,44.4
India,PM2.5,2018,6255.87
India,PM2.5,2019,174.57
India,PM2.5,2020,635.69
India,PM2.5,2021,1156.38
India,PM2.5,2022,31221.52
India,PM2.5,2025,715.5914561
India,RELATIVEHUMIDITY,2025,64.11854204
India,SO2,2017,101.07000000000001
India,SO2,2018,608.83
India,SO2,2019,31.830000000000002
India,SO2,2020,196.12
India,SO2,2021,36.36
India,SO2,2022,5424.8099999999995
India,TEMPERATURE,2025,18.05312538
India,UM003,2025,33930.10384
Indonesia,O3,2025,-0.999
Indonesia,PM1,2024,42.55937513
Indonesia,PM1,2025,46.60149987
Indonesia,PM10,2024,74.28809484
Indonesia,PM10,2025,86.68188079
Indonesia,PM2.5,2016,-970.6
Indonesia,PM2.5,2018,4.4
Indonesia,PM2.5,2025,-1923.16308927
Indonesia,RELATIVEHUMIDITY,2025,117.78222052000001
Indonesia,TEMPERATURE,2025,55.37269004
Indonesia,UM003,2025,9688.521952000001
Iraq,PM2.5,2025,137.6
Ireland,CO,2018,0.05735562
Ireland,CO,2021,478.82224
Ireland,CO,2025,2870.0
Ireland,NO2,2018,61.52555985
Ireland,NO2,2019,27.51195515
Ireland,NO2,2024,42.38
Ireland,NO2,2025,92.75999999999999
Ireland,O3,2024,108.84
Ireland,O3,2025,564.24
Ireland,PM1,2024,0.931547634
Ireland,PM10,2024,156.072142846
Ireland,PM10,2025,103.29
Ireland,PM2.5,2018,6.7
Ireland,PM2.5,2024,125.710535721
Ireland,PM2.5,2025,46.85
Ireland,RELATIVEHUMIDITY,2024,73.43272336
Ireland,SO2,2018,1.48986174
Ireland,SO2,2020,12.07492237
Ireland,SO2,2024,-1.0
Ireland,SO2,2025,40.14
Ireland,TEMPERATURE,2024,9.647246838
Ireland,UM003,2024,411.7604141
Israel,CO,2018,-0.20000000000000007
Israel,CO,2019,47.5
Israel,NO2,2018,0.0644
Israel,NO2,2019,2.2721
Israel,O3,2018,0.0801
Israel,O3,2019,1.9624
Israel,PM2.5,2021,10.1
Israel,SO2,2018,0.0003
Israel,SO2,2019,0.1249
Italy,CO,2019,1500.0
Italy,CO,2020,7600.0
Italy,CO,2021,400.0
Italy,CO,2022,9077.397359999999
Italy,CO,2023,4110.0
Italy,CO,2024,49965.732
Italy,CO,2025,95543.302
Italy,NO,2024,1426.67
Italy,NO,2025,1247.0
Italy,NO2,2019,156.0
Italy,NO2,2020,318.0
Italy,NO2,2021,17.33
Italy,NO2,2022,80.41402
Italy,NO2,2023,94.322142
Italy,NO2,2024,2520.6741445
Italy,NO2,2025,13830.9675874
Italy,NOX,2024,9.0
Italy,NOX,2025,3345.0
Italy,O3,2020,1183.0
Italy,O3,2021,77.89
Italy,O3,2022,556.65638
Italy,O3,2023,165.04372999999998
Italy,O3,2024,1754.4679242
Italy,O3,2025,11011.988248
Italy,PM1,2024,68.481994124
Italy,PM10,2019,243.0
Italy,PM10,2020,580.24468
Italy,PM10,2021,4.0
Italy,PM10,2022,37.1
Italy,PM10,2023,86.06
Italy,PM10,2024,504.62594657
Italy,PM10,2025,5489.4785594
Italy,PM2.5,2020,193.0
Italy,PM2.5,2023,116.74717591000001
Italy,PM2.5,2024,191.09041667
Italy,PM2.5,2025,1796.9086619
Italy,RELATIVEHUMIDITY,2024,40.37038676
Italy,SO2,2019,-9.0
Italy,SO2,2020,1.0
Italy,SO2,2021,40.32
Italy,SO2,2022,46.5347847
Italy,SO2,2023,7.1
Italy,SO2,2024,99.53045924
Italy,SO2,2025,887.4451292
Italy,TEMPERATURE,2023,36.52492288
Italy,TEMPERATURE,2024,29.42395846
Italy,UM003,2024,16577.11165
Japan,CO,2024,48.1
Japan,NO,2023,0.017
Japan,NO,2024,3.0010000000000003
Japan,NO2,2023,0.032
Japan,NO2,2024,3.944
Japan,NOX,2023,0.049
Japan,NOX,2024,6.932
Japan,PM2.5,2023,37.940476219000004
Japan,PM2.5,2024,4992.0
Japan,SO2,2023,0.003
Japan,SO2,2024,0.607
Japan,TEMPERATURE,2023,19.97380956
Jordan,CO,2019,0.7
Jordan,NO2,2019,0.0198
Jordan,O3,2019,0.0151
Jordan,O3,2024,-0.976
Jordan,PM2.5,2024,-984.0
Jordan,SO2,2019,0.0
Kazakhstan,PM2.5,2025,30.0
Kenya,PM10,2018,11.0
Kenya,PM2.5,2018,5.3
Kenya,PM2.5,2024,12.2
"Korea, Republic of",CO,2024,20032.510000000002
"Korea, Republic of",CO,2025,270240.8
"Korea, Republic of",NO2,2024,19999.1712
"Korea, Republic of",NO2,2025,239990.414
"Korea, Republic of",O3,2024,20000.182800000002
"Korea, Republic of",O3,2025,239994.6477
"Korea, Republic of",PM10,2024,33361.0
"Korea, Republic of",PM10,2025,302133.0
"Korea, Republic of",PM2.5,2021,3.7
"Korea, Republic of",PM2.5,2023,34.4
"Korea, Republic of",PM2.5,2024,61683.0
"Korea, Republic of",PM2.5,2025,382892.0
"Korea, Republic of",SO2,2024,19998.2028
"Korea, Republic of",SO2,2025,249976.9878
Kuwait,PM2.5,2025,-999.0
Kyrgyzstan,PM2.5,2025,-997.3
Lao People's Dem. Rep.,CO,2023,0.3
Lao People's Dem. Rep.,NO2,2025,0.0
Lao People's Dem. Rep.,O3,2022,0.004
Lao People's Dem. Rep.,PM10,2022,41.0
Lao People's Dem. Rep.,PM2.5,2023,62.16666698
Lao People's Dem. Rep.,PM2.5,2025,109.8
Lao People's Dem. Rep.,SO2,2025,0.012
Lao People's Dem. Rep.,TEMPERATURE,2023,55.8893056
Latvia,CO,2025,2196.0
Latvia,NO2,2022,128.545781
Latvia,NO2,2025,92.25399999999999
Latvia,O3,2022,82.947188
Latvia,O3,2025,-9.0
Latvia,PM10,2025,167.0
Latvia,PM2.5,2025,81.0
Latvia,SO2,2018,1.591248
Latvia,SO2,2022,2.93
Latvia,SO2,2025,5.182
Lithuania,CO,2024,-1000.0
Lithuania,CO,2025,-8000.0
Lithuania,NO2,2024,-1.0
Lithuania,NO2,2025,-13.0
Lithuania,O3,2024,-1.0
Lithuania,O3,2025,-12.0
Lithuania,PM10,2024,-1.0
Lithuania,PM10,2025,-13.0
Lithuania,PM2.5,2024,-1.0
Lithuania,PM2.5,2025,-5.0
Lithuania,SO2,2024,-1.0
Lithuania,SO2,2025,-9.0
Luxembourg,CO,2022,280.0
Luxembourg,CO,2025,420.0
Luxembourg,NO,2024,55.1
Luxembourg,NO2,2018,18.0
Luxembourg,NO2,2024,4.2
Luxembourg,NO2,2025,128.3
Luxembourg,O3,2024,56.0
Luxembourg,O3,2025,255.0
Luxembourg,PM10,2025,31.8
Luxembourg,PM2.5,2025,14.5
Luxembourg,SO2,2022,11.7
Luxembourg,SO2,2024,4.1
"Macedonia, The former Yugoslav Rep. of",CO,2022,7934.4
"Macedonia, The former Yugoslav Rep. of",CO,2023,10412.16
"Macedonia, The former Yugoslav Rep. of",CO,2024,10315.880000000001
"Macedonia, The former Yugoslav Rep. of",NO,2023,0.0
"Macedonia, The former Yugoslav Rep. of",NO,2024,781.7
"Macedonia, The former Yugoslav Rep. of",NO2,2024,397.77664
"Macedonia, The former Yugoslav Rep. of",O3,2023,66.6
"Macedonia, The former Yugoslav Rep. of",O3,2024,304.94
"Macedonia, The former Yugoslav Rep. of",PM10,2023,54.814
"Macedonia, The former Yugoslav Rep. of",PM10,2024,357.53
"Macedonia, The former Yugoslav Rep. of",PM2.5,2024,264.59001
"Macedonia, The former Yugoslav Rep. of",SO2,2023,1.64920532
"Macedonia, The former Yugoslav Rep. of",SO2,2024,133.20247
Madagascar,PM2.5,2025,16.0
Malaysia,PM10,2023,24.0
Malaysia,PM2.5,2023,15.487499956
Malaysia,PM2.5,2024,29.0
Malaysia,TEMPERATURE,2023,26.88333321
Mali,PM2.5,2025,-999.0
Malta,CO,2022,225.078
Malta,CO,2024,262.64
Malta,CO,2025,1451.7800000000002
Malta,NO,2024,18.298769999999998
Malta,NO2,2024,27.12977
Malta,NO2,2025,270.73643000000004
Malta,O3,2023,82.84483
Malta,O3,2024,97.455
Malta,O3,2025,105.30073999999999
Malta,PM10,2024,21.31033
Malta,PM10,2025,151.60149
Malta,PM2.5,2024,19.03364
Malta,PM2.5,2025,55.53915
Malta,SO2,2024,0.60467
Malta,SO2,2025,4.240399999999999
Mexico,CO,2017,1.6
Mexico,CO,2020,1.95557
Mexico,CO,2021,1257.600032008
Mexico,CO,2022,2.0300000000000002
Mexico,CO,2023,33.033886111
Mexico,CO,2024,40.312501566
Mexico,CO,2025,121.806569754
Mexico,NO,2023,1.2917545270000002
Mexico,NO,2024,2.08863699533
Mexico,NO,2025,1.216511002
Mexico,NO2,2016,0.0
Mexico,NO2,2020,0.0082433
Mexico,NO2,2021,0.396477937
Mexico,NO2,2022,0.046
Mexico,NO2,2023,0.545729518
Mexico,NO2,2024,2.30772944379
Mexico,NO2,2025,1.533873395
Mexico,NOX,2023,1.4239914120000001
Mexico,NOX,2024,2.1390031877
Mexico,NOX,2025,2.633356018
Mexico,O3,2016,0.099
Mexico,O3,2017,0.002
Mexico,O3,2018,0.042
Mexico,O3,2021,0.846198098
Mexico,O3,2022,0.14300000000000002
Mexico,O3,2023,1.05685868366
Mexico,O3,2024,1.924766284
Mexico,O3,2025,2.1448997526999998
Mexico,PM1,2024,44.583333052
Mexico,PM1,2025,10.95684536
Mexico,PM10,2016,172.0
Mexico,PM10,2019,51.0
Mexico,PM10,2021,2212.3689605560003
Mexico,PM10,2022,57.0
Mexico,PM10,2023,1077.089
Mexico,PM10,2024,3066.613959071
Mexico,PM10,2025,3991.1541361560003
Mexico,PM2.5,2016,18.9
Mexico,PM2.5,2017,9.0
Mexico,PM2.5,2019,32.0
Mexico,PM2.5,2020,15.864407
Mexico,PM2.5,2021,83.912384578
Mexico,PM2.5,2022,56.0
Mexico,PM2.5,2023,1471.8393022
Mexico,PM2.5,2024,3536.31434898
Mexico,PM2.5,2025,1714.291252219
Mexico,RELATIVEHUMIDITY,2024,45.56260363
Mexico,RELATIVEHUMIDITY,2025,32.46633895
Mexico,SO2,2020,0.0026336
Mexico,SO2,2021,0.044579887
Mexico,SO2,2022,0.006
Mexico,SO2,2023,0.57172174208
Mexico,SO2,2024,2.1054073515
Mexico,SO2,2025,0.709840314
Mexico,TEMPERATURE,2024,20.67940458
Mexico,TEMPERATURE,2025,18.96678543
Mexico,UM003,2024,1875.729167
Mexico,UM003,2025,2194.581858
"Moldova, Republic of",PM2.5,2024,13.0
Mongolia,CO,2017,821.0
Mongolia,CO,2018,820.0
Mongolia,CO,2019,177.0
Mongolia,NO2,2018,43.0
Mongolia,NO2,2019,1541.0
Mongolia,NO2,2020,104.0
Mongolia,O3,2018,173.0
Mongolia,O3,2019,53.0
Mongolia,PM10,2019,4559.0
Mongolia,PM10,2020,332.0
Mongolia,PM2.5,2016,29.6
Mongolia,PM2.5,2019,1183.0
Mongolia,PM2.5,2025,8.0
Mongolia,SO2,2018,42.0
Mongolia,SO2,2019,1330.0
Mongolia,SO2,2020,103.0
Montenegro,CO,2024,1930.0
Montenegro,CO,2025,2047.8
Montenegro,NO2,2024,76.0
Montenegro,NO2,2025,80.7098
Montenegro,O3,2024,192.1
Montenegro,O3,2025,61.2717
Montenegro,PM10,2024,110.7
Montenegro,PM2.5,2024,102.7
Montenegro,SO2,2023,15.2
Montenegro,SO2,2024,37.900000000000006
Montenegro,SO2,2025,27.9525
Morocco,PM2.5,2023,5.0
Mozambique,O3,2024,0.011
Mozambique,O3,2025,0.017
Mozambique,PM2.5,2024,4.0
Mozambique,PM2.5,2025,10.8
Myanmar,O3,2021,0.012
Myanmar,PM2.5,2025,38.0
Nepal,O3,2025,-0.962
Nepal,PM1,2025,40.3880949
Nepal,PM10,2025,78.27381007
Nepal,PM2.5,2025,171.41666762
Nepal,RELATIVEHUMIDITY,2025,46.36071459
Nepal,TEMPERATURE,2025,14.69285727
Nepal,UM003,2025,9946.67863
Netherlands,CO,2020,-1990.0
Netherlands,CO,2021,-1990.0
Netherlands,CO,2025,3550.0
Netherlands,NO,2024,-27968.0
Netherlands,NO,2025,-38827.41
Netherlands,NO2,2016,-995.0
Netherlands,NO2,2017,-995.0
Netherlands,NO2,2018,-2985.0
Netherlands,NO2,2019,-999.0
Netherlands,NO2,2021,-1998.0
Netherlands,NO2,2025,-38811.77
Netherlands,O3,2017,-995.0
Netherlands,O3,2018,-995.0
Netherlands,O3,2021,-3992.0
Netherlands,O3,2024,-906.6
Netherlands,O3,2025,-6918.1
Netherlands,PM1,2024,57.267857158
Netherlands,PM1,2025,69.723110676
Netherlands,PM10,2016,-1990.0
Netherlands,PM10,2017,-995.0
Netherlands,PM10,2018,-2985.0
Netherlands,PM10,2021,-2993.0
Netherlands,PM10,2024,113.92172606999999
Netherlands,PM10,2025,-14616.48036214
Netherlands,PM2.5,2016,-995.0
Netherlands,PM2.5,2018,-1990.0
Netherlands,PM2.5,2021,-3996.0
Netherlands,PM2.5,2024,8.093193014999999
Netherlands,PM2.5,2025,-4034.03051724
Netherlands,RELATIVEHUMIDITY,2024,54.33333206
Netherlands,RELATIVEHUMIDITY,2025,294.25665219999996
Netherlands,SO2,2024,-999.0
Netherlands,SO2,2025,-4975.32
Netherlands,TEMPERATURE,2024,19.20000076
Netherlands,TEMPERATURE,2025,21.735446289
Netherlands,UM003,2024,937.0
Netherlands,UM003,2025,10924.50001
New Zealand,CO,2025,-7.8646
New Zealand,NO,2025,27.6486661
New Zealand,NO2,2025,23.3665837
New Zealand,PM1,2024,0.916666667
New Zealand,PM1,2025,1.625
New Zealand,PM10,2024,4.541666667
New Zealand,PM10,2025,110.5485702
New Zealand,PM2.5,2025,59.352596311
New Zealand,RELATIVEHUMIDITY,2025,32.27083413
New Zealand,SO2,2025,-0.3002012
New Zealand,TEMPERATURE,2025,25.65000025
New Zealand,UM003,2025,563.25
Nicaragua,PM2.5,2022,83.8
Nicaragua,PM2.5,2023,34.900000000000006
Nigeria,PM2.5,2020,0.1
Nigeria,PM2.5,2025,141.7
Norway,CO,2025,-1000.0
Norway,NO2,2017,46.44012261
Norway,NO2,2018,81.262532138
Norway,NO2,2019,26.077560000000002
Norway,NO2,2020,38.589189
Norway,NO2,2021,34.579684
Norway,NO2,2022,9.934782
Norway,NO2,2023,81.799114
Norway,NO2,2024,89.04861517
Norway,NO2,2025,189.522085
Norway,O3,2018,86.0
Norway,O3,2019,65.8
Norway,O3,2025,1012.537722
Norway,PM10,2017,54.95822563
Norway,PM10,2018,37.27222222
Norway,PM10,2019,26.7
Norway,PM10,2020,1522.991452
Norway,PM10,2021,30.4
Norway,PM10,2022,5.39
Norway,PM10,2023,46.048283
Norway,PM10,2024,82.291628
Norway,PM10,2025,728.488831
Norway,PM2.5,2017,30.970008356999998
Norway,PM2.5,2018,26.439444444
Norway,PM2.5,2019,4.7
Norway,PM2.5,2020,3.841715
Norway,PM2.5,2021,26.7
Norway,PM2.5,2023,35.555327
Norway,PM2.5,2024,37.507784
Norway,PM2.5,2025,402.598771
Norway,SO2,2018,1.6
Norway,SO2,2022,16.528123
Norway,SO2,2024,0.5
Norway,SO2,2025,5.5257629999999995
Oman,CO,2024,1030.0
Oman,NO2,2024,62.61
Oman,O3,2024,128.42
Oman,PM10,2024,229.0
Oman,SO2,2024,23.560000000000002
Pakistan,PM2.5,2025,249.0
Paraguay,PM2.5,2024,106.8
Peru,CO,2017,8.2
Peru,CO,2018,1654.85
Peru,CO,2021,19216.5
Peru,CO,2024,843.13
Peru,CO,2025,-14228.960000000001
Peru,NO2,2017,0.2044
Peru,NO2,2018,97.09
Peru,NO2,2021,37.51
Peru,NO2,2024,-37596.24
Peru,NO2,2025,-37242.0
Peru,O3,2017,0.0824
Peru,O3,2018,47.18
Peru,O3,2025,98.75
Peru,PM10,2018,152.26999999999998
Peru,PM10,2021,110.13
Peru,PM10,2024,-9850.01
Peru,PM10,2025,838.42
Peru,PM2.5,2016,49.4
Peru,PM2.5,2018,40.84
Peru,PM2.5,2021,37.34
Peru,PM2.5,2024,-19965.53
Peru,PM2.5,2025,-19576.72
Peru,SO2,2017,0.0228
Peru,SO2,2018,15.98
Peru,SO2,2021,5.79
Peru,SO2,2024,38.8
Peru,SO2,2025,-25879.620000000003
Philippines,PM2.5,2025,33.1
Poland,BC,2018,0.90558
Poland,BC,2019,2.14223
Poland,BC,2020,6.57837
Poland,BC,2021,15.37597
Poland,BC,2022,11.322289999999999
Poland,BC,2023,4.72193
Poland,BC,2024,7.98607
Poland,BC,2025,89.88
Poland,CO,2017,17604.0
Poland,CO,2018,1164.453
Poland,CO,2019,2045.397
Poland,CO,2020,6198.784001
Poland,CO,2021,887.811
Poland,CO,2022,2270.84
Poland,CO,2023,4811.104
Poland,CO,2024,1070.69
Poland,CO,2025,24655.0
Poland,NO,2024,8.1
Poland,NO2,2017,462.8
Poland,NO2,2018,28.31156
Poland,NO2,2019,60.00734
Poland,NO2,2020,197.10181899999998
Poland,NO2,2021,147.94051
Poland,NO2,2022,226.95415
Poland,NO2,2023,158.11268
Poland,NO2,2024,210.27253
Poland,NO2,2025,2277.7
Poland,O3,2017,175.9
Poland,O3,2018,110.4536
Poland,O3,2019,166.89780000000002
Poland,O3,2020,514.342132
Poland,O3,2021,97.3973
Poland,O3,2022,323.0523
Poland,O3,2023,194.52586
Poland,O3,2024,144.7348
Poland,O3,2025,3739.6
Poland,PM10,2016,238.6
Poland,PM10,2017,1511.3
Poland,PM10,2018,155.917
Poland,PM10,2019,247.9653
Poland,PM10,2020,516.283
Poland,PM10,2021,718.92577
Poland,PM10,2022,505.93814000000003
Poland,PM10,2023,162.24126
Poland,PM10,2024,478.51171
Poland,PM10,2025,4145.2
Poland,PM2.5,2017,1521.5
Poland,PM2.5,2018,0.0
Poland,PM2.5,2019,42.398700000000005
Poland,PM2.5,2020,466.972
Poland,PM2.5,2021,426.01971000000003
Poland,PM2.5,2022,317.65389
Poland,PM2.5,2023,178.38831497
Poland,PM2.5,2024,177.96597
Poland,PM2.5,2025,1766.0
Poland,SO2,2017,216.89999999999998
Poland,SO2,2018,9.58635
Poland,SO2,2019,29.820210000000003
Poland,SO2,2020,129.02661799999998
Poland,SO2,2021,27.47464
Poland,SO2,2022,914.2912699999999
Poland,SO2,2023,121.86608000000001
Poland,SO2,2024,77.55207
Poland,SO2,2025,550.0
Poland,TEMPERATURE,2023,7.712351163
Portugal,CO,2024,766.0
Portugal,NO2,2024,1141.3
Portugal,O3,2019,0.0
Portugal,O3,2024,1612.8
Portugal,PM10,2019,0.0
Portugal,PM10,2024,1065.0
Portugal,PM2.5,2019,0.0
Portugal,PM2.5,2023,24.651785771
Portugal,PM2.5,2024,93.3
Portugal,SO2,2019,0.0
Portugal,SO2,2020,17.0
Portugal,SO2,2021,18.0
Portugal,SO2,2024,55.8
Portugal,TEMPERATURE,2023,23.57846721
Puerto Rico,O3,2019,0.031
Puerto Rico,O3,2024,0.0
Puerto Rico,O3,2025,0.007
Puerto Rico,PM10,2022,0.0
Puerto Rico,PM10,2025,54.0
Puerto Rico,PM2.5,2022,102.8
Puerto Rico,PM2.5,2024,4.0
Puerto Rico,PM2.5,2025,6.0
Qatar,O3,2024,0.033
Qatar,PM2.5,2024,34.0
Romania,CO,2023,5640.8932700000005
Romania,CO,2024,103795.4999
Romania,NO2,2021,10.04912924
Romania,NO2,2022,1010.51315587
Romania,NO2,2023,364.28106235999996
Romania,NO2,2024,1968.09469307
Romania,O3,2022,3056.12932088
Romania,O3,2023,1002.97341705
Romania,O3,2024,2764.14472419
Romania,PM10,2023,4062.0331674999998
Romania,PM10,2024,3517.94813427
Romania,PM2.5,2023,5.59703333
Romania,PM2.5,2024,442.67658257
Romania,SO2,2022,51.638356470000005
Romania,SO2,2023,112.64925695
Romania,SO2,2024,649.67776754
Russian Federation,CO,2017,14340.0
Russian Federation,CO,2020,600.0
Russian Federation,CO,2021,600.0
Russian Federation,NO2,2017,1121.7
Russian Federation,NO2,2019,5.21179
Russian Federation,NO2,2020,10.0
Russian Federation,NO2,2021,16.0
Russian Federation,NO2,2024,2.79008
Russian Federation,O3,2020,136.0
Russian Federation,O3,2021,86.0
Russian Federation,O3,2024,116.4470967
Russian Federation,PM10,2017,333.0
Russian Federation,PM10,2019,12.017
Russian Federation,PM10,2020,40.0
Russian Federation,PM10,2021,33.0
Russian Federation,PM10,2024,6.2625
Russian Federation,PM2.5,2019,11.4357
Russian Federation,PM2.5,2020,27.0
Russian Federation,PM2.5,2021,12.0
Russian Federation,PM2.5,2024,2.3325
Russian Federation,SO2,2017,79.89999999999999
Russian Federation,SO2,2020,11.0
Russian Federation,SO2,2021,11.0
Russian Federation,SO2,2024,1.25009
Rwanda,CO,2023,-0.999
Rwanda,NO2,2023,-0.999
Rwanda,PM10,2023,0.0
Rwanda,PM2.5,2023,0.0
Rwanda,PM2.5,2024,62.2
San Marino,NO2,2024,0.0
San Marino,O3,2024,96.0
Saudi Arabia,CO,2023,1457.755
Saudi Arabia,NO2,2023,11.971
Saudi Arabia,PM10,2023,39.861
Saudi Arabia,PM2.5,2019,23.0
Saudi Arabia,PM2.5,2021,41.0
Saudi Arabia,PM2.5,2022,311.0
Saudi Arabia,PM2.5,2023,22.323
Saudi Arabia,PM2.5,2024,34.0
Saudi Arabia,SO2,2023,13.922
Senegal,PM1,2024,5.566597104
Senegal,PM10,2024,10.58782427
Senegal,PM2.5,2024,10.06229194
Senegal,RELATIVEHUMIDITY,2024,86.94586881
Senegal,TEMPERATURE,2024,26.95942307
Senegal,UM003,2024,1172.195679
Serbia,CO,2024,26502.7860234
Serbia,NO2,2024,2022.4954178379999
Serbia,O3,2024,2766.572918
Serbia,PM10,2024,1825.84558955
Serbia,PM2.5,2024,559.217660688
Serbia,SO2,2024,825.383264116
Serbia and Montenegro,PM2.5,2023,14.0
Singapore,PM2.5,2024,49.0
Slovakia,NO2,2024,659.787968
Slovakia,O3,2024,1158.158
Slovakia,PM10,2024,938.3498
Slovakia,PM2.5,2024,564.5059
Slovakia,SO2,2024,168.14427
Slovenia,NO2,2024,207.25
Slovenia,O3,2024,654.26
Slovenia,PM10,2024,866.95
Slovenia,PM2.5,2024,205.46
Slovenia,SO2,2024,3.16
South Africa,CO,2021,0.6839999999999999
South Africa,CO,2022,-19967.326
South Africa,CO,2023,83.015
South Africa,NO,2023,-5.7845960000000005
South Africa,NO2,2021,0.063984
South Africa,NO2,2022,-0.36562
South Africa,NO2,2023,-8.690221000000001
South Africa,NOX,2023,-9.216467
South Africa,O3,2021,0.018342999999999995
South Africa,O3,2022,0.221219
South Africa,O3,2023,5.846403999999999
South Africa,PM10,2017,3.0
South Africa,PM10,2019,41.0
South Africa,PM10,2021,281.743
South Africa,PM10,2022,4820.717
South Africa,PM10,2023,-4005.462
South Africa,PM2.5,2021,93.502
South Africa,PM2.5,2022,2267.566
South Africa,PM2.5,2023,-6655.232
South Africa,SO2,2019,-0.094
South Africa,SO2,2021,0.009097
South Africa,SO2,2022,0.09288000000000005
South Africa,SO2,2023,-11.505807
Spain,CO,2016,500.0
Spain,CO,2017,50100.0
Spain,CO,2018,1700.0
Spain,CO,2020,1910.0
Spain,CO,2022,1709.0
Spain,CO,2023,3100.0
Spain,CO,2024,20024.0
Spain,CO,2025,65747.0
Spain,NO,2023,154.9
Spain,NO,2024,2092.0717
Spain,NO,2025,2021.0
Spain,NO2,2017,26.0
Spain,NO2,2018,38.0
Spain,NO2,2019,19.9
Spain,NO2,2020,51.0
Spain,NO2,2021,32.0
Spain,NO2,2022,221.4
Spain,NO2,2023,45.0
Spain,NO2,2024,2543.23
Spain,NO2,2025,5895.74
Spain,NOX,2023,130.0
Spain,NOX,2024,31.0
Spain,NOX,2025,4371.0
Spain,O3,2017,56.0
Spain,O3,2018,73.63
Spain,O3,2019,63.0
Spain,O3,2020,152.0
Spain,O3,2021,232.0
Spain,O3,2022,328.0
Spain,O3,2023,366.0
Spain,O3,2024,4870.63
Spain,O3,2025,22118.55
Spain,PM1,2024,13.277777791
Spain,PM1,2025,15.0
Spain,PM10,2017,11.0
Spain,PM10,2019,104.0
Spain,PM10,2020,88.91
Spain,PM10,2021,15.0
Spain,PM10,2022,142.73000000000002
Spain,PM10,2023,174.51
Spain,PM10,2024,2926.149166624
Spain,PM10,2025,4867.46
Spain,PM2.5,2017,2.0
Spain,PM2.5,2018,18.1
Spain,PM2.5,2019,0.0
Spain,PM2.5,2020,16.0
Spain,PM2.5,2021,53.0
Spain,PM2.5,2022,21.3
Spain,PM2.5,2023,12.0
Spain,PM2.5,2024,869.785277791
Spain,PM2.5,2025,1538.67
Spain,RELATIVEHUMIDITY,2024,50.57458305
Spain,SO2,2017,6.0
Spain,SO2,2018,39.0
Spain,SO2,2019,8.4
Spain,SO2,2020,20.8
Spain,SO2,2021,17.3
Spain,SO2,2022,60.8
Spain,SO2,2023,41.0
Spain,SO2,2024,358.13
Spain,SO2,2025,1570.99
Spain,TEMPERATURE,2024,26.83624999
Spain,UM003,2024,1296.090271
Sri Lanka,PM2.5,2025,-990.0
"Sudan, The Republic of",PM2.5,2023,-1975.0
Sweden,NO2,2024,416.637314
Sweden,O3,2024,887.1596
Sweden,PM10,2024,561.196066
Sweden,PM2.5,2024,152.577847
Sweden,SO2,2024,0.70489
Switzerland,CO,2025,2694.0
Switzerland,NO,2024,7.3999999999999995
Switzerland,NO2,2016,77.0
Switzerland,NO2,2018,10.2542
Switzerland,NO2,2021,25.8977
Switzerland,NO2,2024,41.0021
Switzerland,NO2,2025,943.5865
Switzerland,O3,2018,20.2127
Switzerland,O3,2021,54.6271
Switzerland,O3,2024,97.0168
Switzerland,O3,2025,852.4909
Switzerland,PM1,2024,43.389880831
Switzerland,PM1,2025,67.82788468
Switzerland,PM10,2018,13.7511
Switzerland,PM10,2024,118.192514839
Switzerland,PM10,2025,377.46218841
Switzerland,PM2.5,2025,171.20299166
Switzerland,RELATIVEHUMIDITY,2025,152.95838006
Switzerland,SO2,2021,0.3434
Switzerland,SO2,2024,-1.0
Switzerland,SO2,2025,7.1332
Switzerland,TEMPERATURE,2025,6.340290039999999
Switzerland,UM003,2025,9320.913452
"Taiwan, China",CO,2017,0.64
"Taiwan, China",CO,2018,2.0500000000000003
"Taiwan, China",CO,2021,16.84
"Taiwan, China",NO2,2017,0.0195
"Taiwan, China",NO2,2018,0.0277
"Taiwan, China",NO2,2021,0.4895
"Taiwan, China",O3,2017,0.089
"Taiwan, China",O3,2018,0.128
"Taiwan, China",O3,2021,3.0554
"Taiwan, China",PM10,2017,72.0
"Taiwan, China",PM10,2018,97.0
"Taiwan, China",PM10,2021,1914.0
"Taiwan, China",PM2.5,2017,22.0
"Taiwan, China",PM2.5,2018,62.0
"Taiwan, China",PM2.5,2021,873.0
"Taiwan, China",SO2,2017,0.0048000000000000004
"Taiwan, China",SO2,2018,0.0040999999999999995
"Taiwan, China",SO2,2021,0.1876
Tajikistan,PM1,2024,28.91428566
Tajikistan,PM10,2024,111.36235078
Tajikistan,PM2.5,2024,115.66458321
Tajikistan,RELATIVEHUMIDITY,2024,51.35104084
Tajikistan,TEMPERATURE,2024,19.82559506
Tajikistan,UM003,2024,6331.692017
Thailand,CO,2018,7.23
Thailand,CO,2019,3.12
Thailand,CO,2020,167.4
Thailand,CO,2021,1993.6399999999999
Thailand,CO,2022,18.52
Thailand,CO,2023,10.04
Thailand,CO,2024,21.5
Thailand,NO2,2018,0.053
Thailand,NO2,2019,0.009
Thailand,NO2,2020,0.326
Thailand,NO2,2021,0.088
Thailand,NO2,2022,0.184
Thailand,NO2,2023,0.137
Thailand,NO2,2024,0.122
Thailand,O3,2018,0.025
Thailand,O3,2019,0.041
Thailand,O3,2020,1.405
Thailand,O3,2021,0.16099999999999998
Thailand,O3,2022,0.448
Thailand,O3,2023,0.344
Thailand,O3,2024,1.162
Thailand,PM1,2024,962.03799543
Thailand,PM10,2019,96.0
Thailand,PM10,2020,1112.0
Thailand,PM10,2021,114.0
Thailand,PM10,2022,1888.0
Thailand,PM10,2023,1535.0
Thailand,PM10,2024,2928.703027279
Thailand,PM2.5,2021,84.0
Thailand,PM2.5,2022,179.0
Thailand,PM2.5,2023,437.137499681
Thailand,PM2.5,2024,2663.148361166
Thailand,RELATIVEHUMIDITY,2024,1831.42165502
Thailand,SO2,2019,0.423
Thailand,SO2,2020,0.147
Thailand,SO2,2021,0.003
Thailand,SO2,2022,0.21000000000000002
Thailand,SO2,2023,0.029
Thailand,SO2,2024,0.889
Thailand,TEMPERATURE,2023,50.75416644
Thailand,TEMPERATURE,2024,947.17637443
Thailand,UM003,2024,40211.22921257
Trinidad and Tobago,CO,2023,1639.575169434
Trinidad and Tobago,NO2,2023,44.05180629
Trinidad and Tobago,O3,2023,63.143050907
Trinidad and Tobago,PM10,2023,134.880000003
Trinidad and Tobago,PM2.5,2023,30.066666666
Trinidad and Tobago,SO2,2023,6.227981561
Turkey,CO,2016,17688.0
Turkey,CO,2017,8408.0
Turkey,CO,2018,1319.0
Turkey,CO,2021,253.24
Turkey,CO,2022,30396138.44
Turkey,CO,2023,171168.05299999999
Turkey,NO2,2016,355.0
Turkey,NO2,2017,349.63
Turkey,NO2,2018,418.0
Turkey,NO2,2022,2254.87
Turkey,NO2,2023,8555.772
Turkey,O3,2016,189.0
Turkey,O3,2017,696.0
Turkey,O3,2018,747.0
Turkey,O3,2022,674.544
Turkey,O3,2023,9381.007
Turkey,PM10,2016,910.0
Turkey,PM10,2017,1045.0
Turkey,PM10,2018,721.0
Turkey,PM10,2022,944.36
Turkey,PM10,2023,14243.853
Turkey,PM2.5,2022,375.506
Turkey,PM2.5,2023,2809.775
Turkey,SO2,2016,470.0
Turkey,SO2,2017,822.0
Turkey,SO2,2018,126.0
Turkey,SO2,2022,360.682
Turkey,SO2,2023,4688.743
Turkmenistan,PM2.5,2023,-999.0
USSR,PM2.5,2023,23.0
Uganda,PM2.5,2023,-999.0
United Arab Emirates,CO,2024,2000.0
United Arab Emirates,NO2,2024,383.07
United Arab Emirates,O3,2024,1722.06
United Arab Emirates,PM10,2024,1564.0
United Arab Emirates,PM2.5,2023,90.2
United Arab Emirates,SO2,2024,285.89
United Kingdom,CO,2025,2235.264
United Kingdom,NO2,2016,64.0
United Kingdom,NO2,2017,52.0
United Kingdom,NO2,2019,29.0
United Kingdom,NO2,2020,13.0
United Kingdom,NO2,2021,127.9
United Kingdom,NO2,2022,277.6
United Kingdom,NO2,2023,538.2
United Kingdom,NO2,2024,910.5799999999999
United Kingdom,NO2,2025,3849.0418799999998
United Kingdom,O3,2016,296.0
United Kingdom,O3,2017,60.0
United Kingdom,O3,2019,71.0
United Kingdom,O3,2020,4.0
United Kingdom,O3,2021,137.9
United Kingdom,O3,2022,273.1
United Kingdom,O3,2023,460.59999999999997
United Kingdom,O3,2024,673.82456
United Kingdom,O3,2025,4523.89314
United Kingdom,PM1,2024,99.18100196
United Kingdom,PM1,2025,49.19850635
United Kingdom,PM10,2016,26.0
United Kingdom,PM10,2017,5.0
United Kingdom,PM10,2021,62.6
United Kingdom,PM10,2022,238.6
United Kingdom,PM10,2023,228.6
United Kingdom,PM10,2024,1619.46736015
United Kingdom,PM10,2025,876.8561486
United Kingdom,PM2.5,2016,33.0
United Kingdom,PM2.5,2017,14.0
United Kingdom,PM2.5,2021,17.0
United Kingdom,PM2.5,2022,32.6
United Kingdom,PM2.5,2023,123.4424986
United Kingdom,PM2.5,2024,677.9210654999999
United Kingdom,PM2.5,2025,448.52989881
United Kingdom,RELATIVEHUMIDITY,2024,105.00160629999999
United Kingdom,RELATIVEHUMIDITY,2025,167.4667883
United Kingdom,SO2,2016,12.0
United Kingdom,SO2,2023,6.2
United Kingdom,SO2,2024,21.3
United Kingdom,SO2,2025,152.11386
United Kingdom,TEMPERATURE,2023,53.723333880000006
United Kingdom,TEMPERATURE,2024,41.159598200000005
United Kingdom,TEMPERATURE,2025,28.87873793
United Kingdom,UM003,2024,6114.139848000001
United Kingdom,UM003,2025,8009.408183
United States,BC,2018,0.43
United States,BC,2019,-0.03
United States,BC,2021,3.24
United States,BC,2023,8.62
United States,CO,2016,4.6
United States,CO,2017,6.25
United States,CO,2018,5.76
United States,CO,2019,6.09
United States,CO,2020,5.163486937
United States,CO,2021,2.19
United States,CO,2022,2.4
United States,CO,2023,43.7
United States,NO,2020,0.007021218
United States,NO,2023,0.4181
United States,NO2,2016,0.09040000000000001
United States,NO2,2017,0.112
United States,NO2,2018,0.199
United States,NO2,2019,0.20500000000000002
United States,NO2,2020,0.10649523600000001
United States,NO2,2021,0.07600000000000001
United States,NO2,2022,0.146
United States,NO2,2023,1.6145
United States,NOX,2023,1.345
United States,O3,2016,3.842
United States,O3,2017,1.403
United States,O3,2018,1.071
United States,O3,2019,2.457
United States,O3,2020,1.037
United States,O3,2021,1.082
United States,O3,2022,4.660215806
United States,O3,2023,57.756
United States,PM10,2016,324.0
United States,PM10,2017,374.0
United States,PM10,2018,307.0
United States,PM10,2019,729.0
United States,PM10,2020,399.3
United States,PM10,2021,774.7
United States,PM10,2022,1957.0
United States,PM10,2023,9890.0
United States,PM2.5,2014,12.1
United States,PM2.5,2016,311.2
United States,PM2.5,2017,935.1
United States,PM2.5,2018,1625.9
United States,PM2.5,2019,1367.2
United States,PM2.5,2020,2126.0
United States,PM2.5,2021,925.9000000000001
United States,PM2.5,2022,3094.1
United States,PM2.5,2023,8715.5
United States,SO2,2016,0.0043
United States,SO2,2017,0.011
United States,SO2,2018,0.186
United States,SO2,2019,0.002
United States,SO2,2020,0.015
United States,SO2,2021,0.011
United States,SO2,2022,0.031026269000000002
United States,SO2,2023,0.1421
Uzbekistan,O3,2023,0.011
Uzbekistan,PM2.5,2023,14.0
Viet Nam,PM2.5,2015,36.9
Viet Nam,PM2.5,2016,41.1
West Bank and Gaza Strip,CO,2019,1.2999999999999998
West Bank and Gaza Strip,NO2,2019,0.0554
West Bank and Gaza Strip,O3,2019,0.0305
West Bank and Gaza Strip,SO2,2019,0.0007999999999999999
